# location_in_nm,avg_pixel_intensity_for_each_row
0.000000000000000000e+00,1.694475605048652506e+04
1.344473101198673248e-02,1.679514461350776401e+04
2.688946202397346497e-02,1.670106507919379146e+04
4.033419303596019745e-02,1.664293754017962056e+04
5.377892404794692993e-02,1.670820847638669511e+04
6.722365505993366241e-02,1.682023598563510677e+04
8.066838607192039490e-02,1.698024542971381743e+04
9.411311708390712738e-02,1.705341040896573395e+04
1.075578480958938599e-01,1.699331140184319156e+04
1.210025791078805923e-01,1.685433652327047457e+04
1.344473101198673248e-01,1.654480042171798777e+04
1.478920411318540573e-01,1.629215560667632235e+04
1.613367721438407898e-01,1.617330867783988651e+04
1.747815031558275223e-01,1.618330054881825345e+04
1.882262341678142548e-01,1.630778090813936433e+04
2.016709651798009872e-01,1.654627007042878904e+04
2.151156961917877197e-01,1.675460213795311574e+04
2.285604272037744522e-01,1.689075277694293618e+04
2.420051582157611847e-01,1.682017551175088010e+04
2.554498892277479172e-01,1.663965537505472093e+04
2.688946202397346497e-01,1.628627445358197656e+04
2.823393512517213821e-01,1.591673895345729397e+04
2.957840822637081146e-01,1.570293445808545039e+04
3.092288132756948471e-01,1.568874588857478557e+04
3.226735442876815796e-01,1.582495532408292092e+04
3.361182752996683121e-01,1.610175317479415571e+04
3.495630063116550446e-01,1.640652284449937360e+04
3.630077373236417770e-01,1.660726422910081237e+04
3.764524683356285095e-01,1.662339513254896519e+04
3.898971993476152420e-01,1.645605380566218810e+04
4.033419303596019745e-01,1.614820700369683982e+04
4.167866613715887070e-01,1.571815054486944246e+04
4.302313923835754395e-01,1.540577537748372015e+04
4.436761233955621719e-01,1.528691624925153519e+04
4.571208544075489044e-01,1.537248935124176205e+04
4.705655854195356369e-01,1.560032333225956972e+04
4.840103164315223694e-01,1.594440899113373234e+04
4.974550474435091019e-01,1.622079194477994679e+04
5.108997784554958344e-01,1.631986380526361609e+04
5.243445094674825668e-01,1.621846180396100135e+04
5.377892404794692993e-01,1.598084832165225816e+04
5.512339714914560318e-01,1.558848346044506980e+04
5.646787025034427643e-01,1.518748832934484017e+04
5.781234335154294968e-01,1.496251212547430805e+04
5.915681645274162292e-01,1.492995369616357311e+04
6.050128955394029617e-01,1.507327994097484589e+04
6.184576265513896942e-01,1.534834509721133145e+04
6.319023575633764267e-01,1.568079629089463742e+04
6.453470885753631592e-01,1.586483750559317559e+04
6.587918195873498917e-01,1.586044952314242801e+04
6.722365505993366241e-01,1.569805301408700871e+04
6.856812816113233566e-01,1.540885167382351210e+04
6.991260126233100891e-01,1.499025918241089676e+04
7.125707436352968216e-01,1.467554632262196719e+04
7.260154746472835541e-01,1.451888229655938085e+04
7.394602056592702866e-01,1.454732678766767094e+04
7.529049366712570190e-01,1.472274094935372887e+04
7.663496676832437515e-01,1.501788386994557550e+04
7.797943986952304840e-01,1.528634615458973713e+04
7.932391297072172165e-01,1.536456457609683275e+04
8.066838607192039490e-01,1.527354299899940270e+04
8.201285917311906815e-01,1.506898799855826292e+04
8.335733227431774139e-01,1.471034115318959084e+04
8.470180537551641464e-01,1.430796387636483087e+04
8.604627847671508789e-01,1.406108478021522387e+04
8.739075157791376114e-01,1.394343514339129251e+04
8.873522467911243439e-01,1.401973872750542250e+04
9.007969778031110764e-01,1.421220981328855487e+04
9.142417088150978088e-01,1.450154867544787703e+04
9.276864398270845413e-01,1.467571566599010293e+04
9.411311708390712738e-01,1.467091957061689754e+04
9.545759018510580063e-01,1.452965575034383801e+04
9.680206328630447388e-01,1.426697104616055185e+04
9.814653638750314713e-01,1.384510776755542065e+04
9.949100948870182037e-01,1.351769901653007400e+04
1.008354825899004936e+00,1.329503356609092589e+04
1.021799556910991669e+00,1.324901063623627488e+04
1.035244287922978401e+00,1.336122551600601037e+04
1.048689018934965134e+00,1.358929409325685629e+04
1.062133749946951866e+00,1.383147683670141487e+04
1.075578480958938599e+00,1.391122619682377626e+04
1.089023211970925331e+00,1.382828258229424137e+04
1.102467942982912064e+00,1.363299686083803317e+04
1.115912673994898796e+00,1.325654840743748173e+04
1.129357405006885529e+00,1.284677853317591143e+04
1.142802136018872261e+00,1.255893915663306871e+04
1.156246867030858994e+00,1.237397028664804202e+04
1.169691598042845726e+00,1.239989592268523666e+04
1.183136329054832458e+00,1.255161029130174757e+04
1.196581060066819191e+00,1.279427107472206262e+04
1.210025791078805923e+00,1.295302153464548428e+04
1.223470522090792656e+00,1.295285858520453621e+04
1.236915253102779388e+00,1.281828081308935543e+04
1.250359984114766121e+00,1.252860446204549953e+04
1.263804715126752853e+00,1.209515155325738851e+04
1.277249446138739586e+00,1.175783536391251801e+04
1.290694177150726318e+00,1.149292699116168842e+04
1.304138908162713051e+00,1.140556250077986442e+04
1.317583639174699783e+00,1.148915429705492716e+04
1.331028370186686516e+00,1.170094434797867325e+04
1.344473101198673248e+00,1.189425945063394101e+04
1.357917832210659981e+00,1.196939551345289874e+04
1.371362563222646713e+00,1.189757080677979502e+04
1.384807294234633446e+00,1.168837508314337538e+04
1.398252025246620178e+00,1.128821937421961775e+04
1.411696756258606911e+00,1.091109057512562686e+04
1.425141487270593643e+00,1.060351894742231707e+04
1.438586218282580376e+00,1.041225730970886798e+04
1.452030949294567108e+00,1.040183682162154946e+04
1.465475680306553841e+00,1.056744834912589977e+04
1.478920411318540573e+00,1.077284228456513301e+04
1.492365142330527306e+00,1.089093056997913664e+04
1.505809873342514038e+00,1.089169726429041111e+04
1.519254604354500771e+00,1.076668482885405501e+04
1.532699335366487503e+00,1.044869070904134605e+04
1.546144066378474236e+00,1.006641955237878392e+04
1.559588797390460968e+00,9.753709016001437703e+03
1.573033528402447701e+00,9.512498063328452190e+03
1.586478259414434433e+00,9.422112303763613454e+03
1.599922990426421165e+00,9.500879852121244767e+03
1.613367721438407898e+00,9.721715449114004514e+03
1.626812452450394630e+00,9.863344519373717048e+03
1.640257183462381363e+00,9.911063642954564784e+03
1.653701914474368095e+00,9.849681795573525960e+03
1.667146645486354828e+00,9.632879079019647179e+03
1.680591376498341560e+00,9.268414509935670139e+03
1.694036107510328293e+00,8.971902707539942639e+03
1.707480838522315025e+00,8.701369976645015413e+03
1.720925569534301758e+00,8.571735948174971782e+03
1.734370300546288490e+00,8.559171722423405299e+03
1.747815031558275223e+00,8.737611942193496361e+03
1.761259762570261955e+00,8.917558076251154489e+03
1.774704493582248688e+00,8.995585970224454286e+03
1.788149224594235420e+00,8.973514349495837450e+03
1.801593955606222153e+00,8.851577098785961425e+03
1.815038686618208885e+00,8.550041411250704186e+03
1.828483417630195618e+00,8.266401063808116305e+03
1.841928148642182350e+00,8.017465313272830826e+03
1.855372879654169083e+00,7.863832920954950168e+03
1.868817610666155815e+00,7.831217480012770466e+03
1.882262341678142548e+00,7.919908735928629540e+03
1.895707072690129280e+00,8.122659078155257703e+03
1.909151803702116013e+00,8.243229117078677518e+03
1.922596534714102745e+00,8.249490781476415577e+03
1.936041265726089478e+00,8.167314791898608746e+03
1.949485996738076210e+00,7.961754212623121930e+03
1.962930727750062943e+00,7.675303838507960791e+03
1.976375458762049675e+00,7.464150668779418083e+03
1.989820189774036407e+00,7.283551955429265945e+03
2.003264920786023140e+00,7.258441160611087980e+03
2.016709651798009872e+00,7.299576261986685495e+03
2.030154382809996605e+00,7.451682473042895253e+03
2.043599113821983337e+00,7.612790038562179689e+03
2.057043844833970070e+00,7.670717176232181373e+03
2.070488575845956802e+00,7.603010621921403072e+03
2.083933306857943535e+00,7.463947827031002817e+03
2.097378037869930267e+00,7.221288987133034425e+03
2.110822768881917000e+00,7.014917375947849905e+03
2.124267499893903732e+00,6.856253866539436785e+03
2.137712230905890465e+00,6.807091102349923858e+03
2.151156961917877197e+00,6.876397814561069026e+03
2.164601692929863930e+00,6.972315415730015047e+03
2.178046423941850662e+00,7.132798025959376901e+03
2.191491154953837395e+00,7.243318880338239069e+03
2.204935885965824127e+00,7.222517696440476357e+03
2.218380616977810860e+00,7.090686625647298570e+03
2.231825347989797592e+00,6.914371494213504775e+03
2.245270079001784325e+00,6.692794491042856862e+03
2.258714810013771057e+00,6.549660109523949359e+03
2.272159541025757790e+00,6.470004683275852585e+03
2.285604272037744522e+00,6.543416740445621144e+03
2.299049003049731255e+00,6.646619993788174725e+03
2.312493734061717987e+00,6.763455179551420770e+03
2.325938465073704720e+00,6.896588050160324201e+03
2.339383196085691452e+00,6.943601403337668671e+03
2.352827927097678185e+00,6.843875546537075934e+03
2.366272658109664917e+00,6.681543419861964139e+03
2.379717389121651649e+00,6.500439594055996167e+03
2.393162120133638382e+00,6.332966709757640274e+03
2.406606851145625114e+00,6.262676023512903157e+03
2.420051582157611847e+00,6.292287558558969067e+03
2.433496313169598579e+00,6.436579369533381396e+03
2.446941044181585312e+00,6.534112765978523385e+03
2.460385775193572044e+00,6.665434850887744687e+03
2.473830506205558777e+00,6.742404501168172828e+03
2.487275237217545509e+00,6.722699680172227090e+03
2.500719968229532242e+00,6.554192786434581649e+03
2.514164699241518974e+00,6.402977164371176514e+03
2.527609430253505707e+00,6.218661093992650422e+03
2.541054161265492439e+00,6.126787444168704496e+03
2.554498892277479172e+00,6.120296877288816177e+03
2.567943623289465904e+00,6.244727745755286378e+03
2.581388354301452637e+00,6.373782354892508010e+03
2.594833085313439369e+00,6.486982371801945192e+03
2.608277816325426102e+00,6.581859178434759087e+03
2.621722547337412834e+00,6.611484900425110027e+03
2.635167278349399567e+00,6.511037604790029945e+03
2.648612009361386299e+00,6.334602221667180856e+03
2.662056740373373032e+00,6.189116117240549102e+03
2.675501471385359764e+00,6.049814898939094746e+03
2.688946202397346497e+00,6.036562095146986394e+03
2.702390933409333229e+00,6.105041954558126235e+03
2.715835664421319962e+00,6.264465164955405271e+03
2.729280395433306694e+00,6.374650700248941575e+03
2.742725126445293427e+00,6.499040966634370307e+03
2.756169857457280159e+00,6.530154102371374393e+03
2.769614588469266891e+00,6.512633643420243061e+03
2.783059319481253624e+00,6.339279086819164149e+03
2.796504050493240356e+00,6.192028585606521119e+03
2.809948781505227089e+00,6.037507859918914619e+03
2.823393512517213821e+00,5.980018952886578518e+03
2.836838243529200554e+00,6.010062652169720423e+03
2.850282974541187286e+00,6.136321619768560595e+03
2.863727705553174019e+00,6.272477176206360127e+03
2.877172436565160751e+00,6.403168464236953696e+03
2.890617167577147484e+00,6.471879255907236256e+03
2.904061898589134216e+00,6.471259720744826154e+03
2.917506629601120949e+00,6.373482433675002540e+03
2.930951360613107681e+00,6.193375383515571230e+03
2.944396091625094414e+00,6.061381103781066486e+03
2.957840822637081146e+00,5.954874974366265633e+03
2.971285553649067879e+00,5.968411904870203216e+03
2.984730284661054611e+00,6.044403373472445310e+03
2.998175015673041344e+00,6.194996722947642411e+03
3.011619746685028076e+00,6.326264003952805069e+03
3.025064477697014809e+00,6.452293859318710929e+03
3.038509208709001541e+00,6.455017744579077771e+03
3.051953939720988274e+00,6.409665791897016788e+03
3.065398670732975006e+00,6.241079285996780527e+03
3.078843401744961739e+00,6.088206582378217718e+03
3.092288132756948471e+00,5.960974514967781943e+03
3.105732863768935204e+00,5.932675723108984130e+03
3.119177594780921936e+00,5.975743748132206747e+03
3.132622325792908669e+00,6.093527075875080300e+03
3.146067056804895401e+00,6.239532080279959700e+03
3.159511787816882133e+00,6.380453574908754490e+03
3.172956518828868866e+00,6.444852567076106425e+03
3.186401249840855598e+00,6.407575716819683294e+03
3.199845980852842331e+00,6.286189521404656261e+03
3.213290711864829063e+00,6.110468443150741223e+03
3.226735442876815796e+00,5.977770868079539468e+03
3.240180173888802528e+00,5.910500982631170700e+03
3.253624904900789261e+00,5.941514415696680771e+03
3.267069635912775993e+00,6.024111507659438757e+03
3.280514366924762726e+00,6.177647605743036365e+03
3.293959097936749458e+00,6.319191953262345123e+03
3.307403828948736191e+00,6.443072764946257848e+03
3.320848559960722923e+00,6.435540946826792606e+03
3.334293290972709656e+00,6.337671240182487054e+03
3.347738021984696388e+00,6.161800722855105050e+03
3.361182752996683121e+00,6.002878475163432995e+03
3.374627484008669853e+00,5.896862819455174758e+03
3.388072215020656586e+00,5.905113062028204695e+03
3.401516946032643318e+00,5.961089117854429787e+03
3.414961677044630051e+00,6.099046034637358389e+03
3.428406408056616783e+00,6.247314876476611971e+03
3.441851139068603516e+00,6.384878372908774509e+03
3.455295870080590248e+00,6.443542818406616789e+03
3.468740601092576981e+00,6.372914209802733239e+03
3.482185332104563713e+00,6.208601824811243205e+03
3.495630063116550446e+00,6.032967981936370052e+03
3.509074794128537178e+00,5.894328020445069342e+03
3.522519525140523911e+00,5.872003902658947482e+03
3.535964256152510643e+00,5.921628703897985361e+03
3.549408987164497375e+00,6.044609800991824159e+03
3.562853718176484108e+00,6.207986653853010466e+03
3.576298449188470840e+00,6.344243259828387636e+03
3.589743180200457573e+00,6.451457581547827431e+03
3.603187911212444305e+00,6.426585584472446499e+03
3.616632642224431038e+00,6.279600962184847958e+03
3.630077373236417770e+00,6.080791610364592088e+03
3.643522104248404503e+00,5.915543538110055124e+03
3.656966835260391235e+00,5.836588817738082980e+03
3.670411566272377968e+00,5.876681922507230411e+03
3.683856297284364700e+00,5.971128093856623309e+03
3.697301028296351433e+00,6.152816940231266926e+03
3.710745759308338165e+00,6.287327876245560219e+03
3.724190490320324898e+00,6.411833015328595138e+03
3.737635221332311630e+00,6.438332111221164268e+03
3.751079952344298363e+00,6.338466304379577196e+03
3.764524683356285095e+00,6.132096128330789725e+03
3.777969414368271828e+00,5.946475742917902608e+03
3.791414145380258560e+00,5.823183887030775622e+03
3.804858876392245293e+00,5.834326055496148911e+03
3.818303607404232025e+00,5.912991061652043754e+03
3.831748338416218758e+00,6.102306323613076529e+03
3.845193069428205490e+00,6.264671734767822272e+03
3.858637800440192223e+00,6.386221406958309672e+03
3.872082531452178955e+00,6.456651763020856379e+03
3.885527262464165688e+00,6.395731075294563198e+03
3.898971993476152420e+00,6.214341056983381350e+03
3.912416724488139153e+00,5.987426373976722061e+03
3.925861455500125885e+00,5.839190644305524074e+03
3.939306186512112617e+00,5.791535290226748657e+03
3.952750917524099350e+00,5.852633529260302566e+03
3.966195648536086082e+00,6.008856132611297653e+03
3.979640379548072815e+00,6.219841626390146303e+03
3.993085110560059547e+00,6.331805984387379794e+03
4.006529841572046280e+00,6.428324879767978928e+03
4.019974572584033012e+00,6.403752647287783475e+03
4.033419303596019745e+00,6.275313366511822096e+03
4.046864034608006477e+00,6.037034241054961058e+03
4.060308765619993210e+00,5.860532187685235840e+03
4.073753496631979942e+00,5.778940678389803907e+03
4.087198227643966675e+00,5.804257082792378242e+03
4.100642958655953407e+00,5.931497333970063664e+03
4.114087689667940140e+00,6.164624400240149043e+03
4.127532420679926872e+00,6.312182297178026602e+03
4.140977151691913605e+00,6.403710590868595318e+03
4.154421882703900337e+00,6.425438854168261969e+03
4.167866613715887070e+00,6.323319259081753444e+03
4.181311344727873802e+00,6.120234813829444647e+03
4.194756075739860535e+00,5.887300095772030545e+03
4.208200806751847267e+00,5.789615517774263935e+03
4.221645537763834000e+00,5.762443194836589100e+03
4.235090268775820732e+00,5.857315296707570269e+03
4.248534999787807465e+00,6.061194224131137162e+03
4.261979730799794197e+00,6.267177878296644849e+03
4.275424461811780930e+00,6.346972961344324176e+03
4.288869192823767662e+00,6.400074599959451007e+03
4.302313923835754395e+00,6.324885442521137520e+03
4.315758654847741127e+00,6.176550562011931106e+03
4.329203385859727859e+00,5.930445533941455324e+03
4.342648116871714592e+00,5.796770759649585671e+03
4.356092847883701324e+00,5.754388423970064650e+03
4.369537578895688057e+00,5.804559736648776379e+03
4.382982309907674789e+00,5.983423589352050840e+03
4.396427040919661522e+00,6.213353799423525743e+03
4.409871771931648254e+00,6.331569158109718046e+03
4.423316502943634987e+00,6.380226064891874557e+03
4.436761233955621719e+00,6.348328485258090041e+03
4.450205964967608452e+00,6.217051919459890087e+03
4.463650695979595184e+00,6.012139002010133481e+03
4.477095426991581917e+00,5.807606611837867604e+03
4.490540158003568649e+00,5.760098436071559263e+03
4.503984889015555382e+00,5.758577762784553670e+03
4.517429620027542114e+00,5.904821843723259917e+03
4.530874351039528847e+00,6.119175538904907626e+03
4.544319082051515579e+00,6.289703280121327225e+03
4.557763813063502312e+00,6.336456835564992616e+03
4.571208544075489044e+00,6.337457929536049051e+03
4.584653275087475777e+00,6.218640432097276062e+03
4.598098006099462509e+00,6.064911223260388397e+03
4.611542737111449242e+00,5.841656203864440613e+03
4.624987468123435974e+00,5.756942235767702186e+03
4.638432199135422707e+00,5.746773232290168380e+03
4.651876930147409439e+00,5.846973131471255329e+03
4.665321661159396172e+00,6.054936073084999407e+03
4.678766392171382904e+00,6.249235357565057711e+03
4.692211123183369637e+00,6.335299528199249835e+03
4.705655854195356369e+00,6.345544474359941887e+03
4.719100585207343102e+00,6.254167512364791946e+03
4.732545316219329834e+00,6.106688126113648650e+03
4.745990047231316566e+00,5.909256982880428041e+03
4.759434778243303299e+00,5.757268450291150657e+03
4.772879509255290031e+00,5.741606896036386388e+03
4.786324240267276764e+00,5.789168236977599918e+03
4.799768971279263496e+00,5.974676650149451234e+03
4.813213702291250229e+00,6.174510117613755028e+03
4.826658433303236961e+00,6.300861517084954357e+03
4.840103164315223694e+00,6.334028461409056035e+03
4.853547895327210426e+00,6.273453596355475383e+03
4.866992626339197159e+00,6.123220625540180663e+03
4.880437357351183891e+00,5.952904316638078853e+03
4.893882088363170624e+00,5.774371101138742233e+03
4.907326819375157356e+00,5.734329195804113624e+03
4.920771550387144089e+00,5.762949809720769736e+03
4.934216281399130821e+00,5.909954534531356330e+03
4.947661012411117554e+00,6.122082103452946285e+03
4.961105743423104286e+00,6.278339420071271888e+03
4.974550474435091019e+00,6.349909959956040439e+03
4.987995205447077751e+00,6.320643320279816180e+03
5.001439936459064484e+00,6.177235256760862285e+03
5.014884667471051216e+00,6.005614127804105919e+03
5.028329398483037949e+00,5.811087281320151305e+03
5.041774129495024681e+00,5.730433207253091496e+03
5.055218860507011414e+00,5.741489834540097036e+03
5.068663591518998146e+00,5.839851154243472592e+03
5.082108322530984879e+00,6.039285330921890818e+03
5.095553053542971611e+00,6.223462758160027988e+03
5.108997784554958344e+00,6.323591382179719403e+03
5.122442515566945076e+00,6.342345569313187298e+03
5.135887246578931808e+00,6.222085863922170574e+03
5.149331977590918541e+00,6.048425367807804832e+03
5.162776708602905273e+00,5.845117708035362739e+03
5.176221439614892006e+00,5.727742072487711994e+03
5.189666170626878738e+00,5.735343002244802847e+03
5.203110901638865471e+00,5.799363441042766681e+03
5.216555632650852203e+00,5.972131423780352634e+03
5.230000363662838936e+00,6.181185369442920091e+03
5.243445094674825668e+00,6.318426897244050451e+03
5.256889825686812401e+00,6.372201787971109297e+03
5.270334556698799133e+00,6.295337630576700576e+03
5.283779287710785866e+00,6.118082201199446899e+03
5.297224018722772598e+00,5.913545189708277576e+03
5.310668749734759331e+00,5.737866474734526491e+03
5.324113480746746063e+00,5.727863623171293511e+03
5.337558211758732796e+00,5.766297847052762336e+03
5.351002942770719528e+00,5.895722173971009397e+03
5.364447673782706261e+00,6.103811365753281279e+03
5.377892404794692993e+00,6.281674574708107684e+03
5.391337135806679726e+00,6.358612875617405734e+03
5.404781866818666458e+00,6.334462767984290622e+03
5.418226597830653191e+00,6.177089105359852510e+03
5.431671328842639923e+00,5.977942375540374087e+03
5.445116059854626656e+00,5.769492043813807868e+03
5.458560790866613388e+00,5.709787774493397592e+03
5.472005521878600121e+00,5.759276920364623948e+03
5.485450252890586853e+00,5.851054827146814205e+03
5.498894983902573586e+00,6.044702312219685155e+03
5.512339714914560318e+00,6.255741529494306633e+03
5.525784445926547050e+00,6.372267534103564685e+03
5.539229176938533783e+00,6.377849635265200959e+03
5.552673907950520515e+00,6.261409128586442421e+03
5.566118638962507248e+00,6.061638709651700992e+03
5.579563369974493980e+00,5.844211166532894822e+03
5.593008100986480713e+00,5.709246012644121038e+03
5.606452831998467445e+00,5.737656141527072577e+03
5.619897563010454178e+00,5.813204909611235962e+03
5.633342294022440910e+00,5.970621192476913166e+03
5.646787025034427643e+00,6.195528531313557323e+03
5.660231756046414375e+00,6.355705704085914476e+03
5.673676487058401108e+00,6.385947139498507568e+03
5.687121218070387840e+00,6.307859477719407550e+03
5.700565949082374573e+00,6.134437042416606346e+03
5.714010680094361305e+00,5.916354066900450562e+03
5.727455411106348038e+00,5.739496400344472931e+03
5.740900142118334770e+00,5.709581917525511017e+03
5.754344873130321503e+00,5.792784403058269163e+03
5.767789604142308235e+00,5.931652701173986316e+03
5.781234335154294968e+00,6.151044873092952912e+03
5.794679066166281700e+00,6.354463053051672432e+03
5.808123797178268433e+00,6.424632256431974383e+03
5.821568528190255165e+00,6.371438888251730532e+03
5.835013259202241898e+00,6.226598590905276978e+03
5.848457990214228630e+00,6.017563619255278354e+03
5.861902721226215363e+00,5.808717688954054211e+03
5.875347452238202095e+00,5.710544811339436819e+03
5.888792183250188828e+00,5.750708562671092295e+03
5.902236914262175560e+00,5.888497639494823488e+03
5.915681645274162292e+00,6.087219344777789956e+03
5.929126376286149025e+00,6.313279707598405366e+03
5.942571107298135757e+00,6.434158424646636377e+03
5.956015838310122490e+00,6.409824193484791067e+03
5.969460569322109222e+00,6.285031540850328383e+03
5.982905300334095955e+00,6.105859287412905360e+03
5.996350031346082687e+00,5.886703963315521833e+03
6.009794762358069420e+00,5.739364420804851761e+03
6.023239493370056152e+00,5.728863102155000888e+03
6.036684224382042885e+00,5.848076052613365391e+03
6.050128955394029617e+00,6.059164452674733184e+03
6.063573686406016350e+00,6.282574765109365217e+03
6.077018417418003082e+00,6.458380615973076601e+03
6.090463148429989815e+00,6.479642728168935719e+03
6.103907879441976547e+00,6.377988271967607034e+03
6.117352610453963280e+00,6.204237342675023683e+03
6.130797341465950012e+00,6.008096887004991913e+03
6.144242072477936745e+00,5.805018180107465923e+03
6.157686803489923477e+00,5.742797246643106519e+03
6.171131534501910210e+00,5.802235431108916600e+03
6.184576265513896942e+00,6.011105921470221801e+03
6.198020996525883675e+00,6.236378201791129868e+03
6.211465727537870407e+00,6.427549780650162575e+03
6.224910458549857140e+00,6.513394393860465243e+03
6.238355189561843872e+00,6.448167223417921377e+03
6.251799920573830605e+00,6.280886620882564785e+03
6.265244651585817337e+00,6.105177544805153957e+03
6.278689382597804070e+00,5.898143513642766266e+03
6.292134113609790802e+00,5.774783009750749443e+03
6.305578844621777534e+00,5.809985555025346002e+03
6.319023575633764267e+00,5.964232473882319937e+03
6.332468306645750999e+00,6.229506150164751489e+03
6.345913037657737732e+00,6.412716400918551699e+03
6.359357768669724464e+00,6.554865849544919001e+03
6.372802499681711197e+00,6.544685224897686567e+03
6.386247230693697929e+00,6.404925947666872162e+03
6.399691961705684662e+00,6.207328281767112458e+03
6.413136692717671394e+00,6.036776943777245833e+03
6.426581423729658127e+00,5.843790940909339042e+03
6.440026154741644859e+00,5.845436084710380783e+03
6.453470885753631592e+00,5.937404408945282739e+03
6.466915616765618324e+00,6.190592164781450265e+03
6.480360347777605057e+00,6.399268967809122842e+03
6.493805078789591789e+00,6.535213645388394070e+03
6.507249809801578522e+00,6.595384877361135295e+03
6.520694540813565254e+00,6.502702906598989102e+03
6.534139271825551987e+00,6.306135215256483207e+03
6.547584002837538719e+00,6.142119389134838457e+03
6.561028733849525452e+00,5.954033646816573309e+03
6.574473464861512184e+00,5.886183909290964039e+03
6.587918195873498917e+00,5.981027278637790005e+03
6.601362926885485649e+00,6.157469867035852985e+03
6.614807657897472382e+00,6.430924268183510321e+03
6.628252388909459114e+00,6.556050626378994821e+03
6.641697119921445847e+00,6.658914106340109356e+03
6.655141850933432579e+00,6.624515247257844749e+03
6.668586581945419312e+00,6.461667870584720731e+03
6.682031312957406044e+00,6.263129416886409672e+03
6.695476043969392776e+00,6.107119779875312815e+03
6.708920774981379509e+00,5.961071156071101541e+03
6.722365505993366241e+00,6.037253016605613993e+03
6.735810237005352974e+00,6.153059634949649990e+03
6.749254968017339706e+00,6.416522083512751124e+03
6.762699699029326439e+00,6.592961983314784447e+03
6.776144430041313171e+00,6.678618799570597730e+03
6.789589161053299904e+00,6.706232687940463620e+03
6.803033892065286636e+00,6.592706637654443512e+03
6.816478623077273369e+00,6.397718686542060823e+03
6.829923354089260101e+00,6.238703562556620454e+03
6.843368085101246834e+00,6.079920740152053440e+03
6.856812816113233566e+00,6.091772599665352573e+03
6.870257547125220299e+00,6.218407485192113199e+03
6.883702278137207031e+00,6.409060965639539972e+03
6.897147009149193764e+00,6.666845212124455429e+03
6.910591740161180496e+00,6.763185360011559169e+03
6.924036471173167229e+00,6.819954235466046157e+03
6.937481202185153961e+00,6.758049188196200703e+03
6.950925933197140694e+00,6.589690252120588411e+03
6.964370664209127426e+00,6.407129289364845135e+03
6.977815395221114159e+00,6.243973467735856502e+03
6.991260126233100891e+00,6.173366110594473867e+03
7.004704857245087624e+00,6.285344420567787893e+03
7.018149588257074356e+00,6.423766151761878064e+03
7.031594319269061089e+00,6.680215114016050393e+03
7.045039050281047821e+00,6.849969341593764511e+03
7.058483781293034554e+00,6.911443244086625782e+03
7.071928512305021286e+00,6.897591005455150480e+03
7.085373243317008018e+00,6.762898711495736279e+03
7.098817974328994751e+00,6.588463474761095313e+03
7.112262705340981483e+00,6.413805924868928741e+03
7.125707436352968216e+00,6.291025237385724722e+03
7.139152167364954948e+00,6.357354830783887337e+03
7.152596898376941681e+00,6.498221226568032762e+03
7.166041629388928413e+00,6.713204895221007973e+03
7.179486360400915146e+00,6.953119927681689660e+03
7.192931091412901878e+00,7.067461777365207126e+03
7.206375822424888611e+00,7.080224257553794814e+03
7.219820553436875343e+00,6.983537491582122129e+03
7.233265284448862076e+00,6.813051735702396400e+03
7.246710015460848808e+00,6.634894350083723111e+03
7.260154746472835541e+00,6.457146691801101042e+03
7.273599477484822273e+00,6.449508795434414424e+03
7.287044208496809006e+00,6.567985021460960525e+03
7.300488939508795738e+00,6.756513789632252156e+03
7.313933670520782471e+00,6.999972492237690858e+03
7.327378401532769203e+00,7.188250158330169143e+03
7.340823132544755936e+00,7.247193187784166184e+03
7.354267863556742668e+00,7.181071195170283318e+03
7.367712594568729401e+00,7.024467267998558782e+03
7.381157325580716133e+00,6.853317426511985104e+03
7.394602056592702866e+00,6.657719455326333446e+03
7.408046787604689598e+00,6.568108586584628029e+03
7.421491518616676331e+00,6.664026499459740080e+03
7.434936249628663063e+00,6.838902054512366703e+03
7.448380980640649796e+00,7.090851305248195786e+03
7.461825711652636528e+00,7.316278588248220331e+03
7.475270442664623260e+00,7.463118194593155749e+03
7.488715173676609993e+00,7.423470877925343302e+03
7.502159904688596725e+00,7.294365881595194878e+03
7.515604635700583458e+00,7.105851194349450452e+03
7.529049366712570190e+00,6.914794231554615180e+03
7.542494097724556923e+00,6.740238643093700375e+03
7.555938828736543655e+00,6.779134968362571271e+03
7.569383559748530388e+00,6.918654427065384880e+03
7.582828290760517120e+00,7.169938833790809440e+03
7.596273021772503853e+00,7.409487942350786398e+03
7.609717752784490585e+00,7.617046166493307283e+03
7.623162483796477318e+00,7.653296829087933475e+03
7.636607214808464050e+00,7.537098106413469395e+03
7.650051945820450783e+00,7.361538889886331162e+03
7.663496676832437515e+00,7.165839715934688684e+03
7.676941407844424248e+00,6.970815188521420168e+03
7.690386138856410980e+00,6.921449097358630752e+03
7.703830869868397713e+00,7.054583562280706246e+03
7.717275600880384445e+00,7.273557204316376556e+03
7.730720331892371178e+00,7.561182872061744092e+03
7.744165062904357910e+00,7.791771603959527056e+03
7.757609793916344643e+00,7.930432082688909759e+03
7.771054524928331375e+00,7.836963525863762698e+03
7.784499255940318108e+00,7.690408830747182947e+03
7.797943986952304840e+00,7.469564365880977675e+03
7.811388717964291573e+00,7.265773887804195510e+03
7.824833448976278305e+00,7.128417603237187905e+03
7.838278179988265038e+00,7.213555898943791362e+03
7.851722911000251770e+00,7.393743045415505549e+03
7.865167642012238503e+00,7.681942487983572391e+03
7.878612373024225235e+00,7.948688987246068791e+03
7.892057104036211967e+00,8.148698784298780993e+03
7.905501835048198700e+00,8.137636942354889470e+03
7.918946566060185432e+00,7.997064543052792942e+03
7.932391297072172165e+00,7.803261231711274377e+03
7.945836028084158897e+00,7.576217707803968551e+03
7.959280759096145630e+00,7.412547501731351076e+03
7.972725490108132362e+00,7.416647308336294373e+03
7.986170221120119095e+00,7.598870018953939507e+03
7.999614952132105827e+00,7.847685933000690056e+03
8.013059683144092560e+00,8.171728173065363080e+03
8.026504414156079292e+00,8.419290811882952767e+03
8.039949145168066025e+00,8.508050193093782582e+03
8.053393876180052757e+00,8.391489700678355803e+03
8.066838607192039490e+00,8.228505450910177387e+03
8.080283338204026222e+00,7.979408658569963336e+03
8.093728069216012955e+00,7.780013568501469308e+03
8.107172800227999687e+00,7.704063061345435926e+03
8.120617531239986420e+00,7.833512623020148567e+03
8.134062262251973152e+00,8.064030707471854839e+03
8.147506993263959885e+00,8.371459716807252335e+03
8.160951724275946617e+00,8.685724996413993722e+03
8.174396455287933350e+00,8.843603234372665611e+03
8.187841186299920082e+00,8.808126894885876027e+03
8.201285917311906815e+00,8.652057319324541822e+03
8.214730648323893547e+00,8.439768473655465641e+03
8.228175379335880280e+00,8.198974395600143907e+03
8.241620110347867012e+00,8.092718814905135332e+03
8.255064841359853745e+00,8.146152110499100672e+03
8.268509572371840477e+00,8.389876734965979267e+03
8.281954303383827209e+00,8.667399587765678007e+03
8.295399034395813942e+00,9.042167254755766407e+03
8.308843765407800674e+00,9.281478118171731694e+03
8.322288496419787407e+00,9.330736011046581552e+03
8.335733227431774139e+00,9.207518392803112874e+03
8.349177958443760872e+00,9.015325209076061583e+03
8.362622689455747604e+00,8.754123998780843976e+03
8.376067420467734337e+00,8.590575451607166542e+03
8.389512151479721069e+00,8.572296735697967961e+03
8.402956882491707802e+00,8.754920578922785353e+03
8.416401613503694534e+00,9.047426960560338557e+03
8.429846344515681267e+00,9.400247554538798795e+03
8.443291075527667999e+00,9.742291869590215356e+03
8.456735806539654732e+00,9.850888767668320725e+03
8.470180537551641464e+00,9.809843917602229340e+03
8.483625268563628197e+00,9.621457220568625416e+03
8.497069999575614929e+00,9.390916130364897981e+03
8.510514730587601662e+00,9.173331364228921302e+03
8.523959461599588394e+00,9.127894647156726933e+03
8.537404192611575127e+00,9.235772524806823640e+03
8.550848923623561859e+00,9.555797044075836311e+03
8.564293654635548592e+00,9.900434931829784546e+03
8.577738385647535324e+00,1.032870574809883328e+04
8.591183116659522057e+00,1.053236775898965607e+04
8.604627847671508789e+00,1.055362131537959249e+04
8.618072578683495522e+00,1.040602796525813937e+04
8.631517309695482254e+00,1.016790375444209894e+04
8.644962040707468987e+00,9.915305858643749161e+03
8.658406771719455719e+00,9.802331929318748735e+03
8.671851502731442451e+00,9.840388439132953863e+03
8.685296233743429184e+00,1.009927649514916993e+04
8.698740964755415916e+00,1.047714070566481496e+04
8.712185695767402649e+00,1.091361631379656137e+04
8.725630426779389381e+00,1.124863109996870480e+04
8.739075157791376114e+00,1.131555851415361212e+04
8.752519888803362846e+00,1.124368894313000055e+04
8.765964619815349579e+00,1.100388426724792043e+04
8.779409350827336311e+00,1.074115664191440919e+04
8.792854081839323044e+00,1.056986449301568427e+04
8.806298812851309776e+00,1.056633188636776867e+04
8.819743543863296509e+00,1.076318975085949569e+04
8.833188274875283241e+00,1.116298551748458158e+04
8.846633005887269974e+00,1.163016539872567591e+04
8.860077736899256706e+00,1.208147798366549978e+04
8.873522467911243439e+00,1.225652017241851718e+04
8.886967198923230171e+00,1.222305999684485869e+04
8.900411929935216904e+00,1.203337418956955298e+04
8.913856660947203636e+00,1.170990190202451595e+04
8.927301391959190369e+00,1.147120182420180208e+04
8.940746122971177101e+00,1.137747834298795715e+04
8.954190853983163834e+00,1.149238092211627372e+04
8.967635584995150566e+00,1.182747526229058712e+04
8.981080316007137299e+00,1.232459077500176863e+04
8.994525047019124031e+00,1.283198118663600326e+04
9.007969778031110764e+00,1.315441772128382945e+04
9.021414509043097496e+00,1.318199197140941214e+04
9.034859240055084229e+00,1.305611113425001167e+04
9.048303971067070961e+00,1.273117776629876971e+04
9.061748702079057693e+00,1.240789474283569143e+04
9.075193433091044426e+00,1.225120409158551774e+04
9.088638164103031158e+00,1.227101578398900529e+04
9.102082895115017891e+00,1.255711932809915197e+04
9.115527626127004623e+00,1.304031890601889972e+04
9.128972357138991356e+00,1.362608556170710472e+04
9.142417088150978088e+00,1.406610432395684984e+04
9.155861819162964821e+00,1.424501126089932222e+04
9.169306550174951553e+00,1.414775742545154208e+04
9.182751281186938286e+00,1.389168946978043823e+04
9.196196012198925018e+00,1.344510526453035527e+04
9.209640743210911751e+00,1.318788178731033440e+04
9.223085474222898483e+00,1.306806385730421607e+04
9.236530205234885216e+00,1.323691966323315137e+04
9.249974936246871948e+00,1.362737993575211294e+04
9.263419667258858681e+00,1.424132002673715397e+04
9.276864398270845413e+00,1.475466202550858179e+04
9.290309129282832146e+00,1.509006213286195452e+04
9.303753860294818878e+00,1.509941460419118630e+04
9.317198591306805611e+00,1.491479586454941091e+04
9.330643322318792343e+00,1.447068802346015582e+04
9.344088053330779076e+00,1.407387859615419802e+04
9.357532784342765808e+00,1.387269879485447746e+04
9.370977515354752541e+00,1.388512475079574142e+04
9.384422246366739273e+00,1.419979340047089863e+04
9.397866977378726006e+00,1.477152170520017717e+04
9.411311708390712738e+00,1.538998810601554032e+04
9.424756439402699471e+00,1.581321165476167516e+04
9.438201170414686203e+00,1.601979667991864881e+04
9.451645901426672935e+00,1.589411959309962185e+04
9.465090632438659668e+00,1.553528009136874061e+04
9.478535363450646400e+00,1.499354651201814704e+04
9.491980094462633133e+00,1.467279796656017061e+04
9.505424825474619865e+00,1.450239695275761915e+04
9.518869556486606598e+00,1.464514809421039354e+04
9.532314287498593330e+00,1.508517193155316636e+04
9.545759018510580063e+00,1.574451398599818822e+04
9.559203749522566795e+00,1.621838885908396514e+04
9.572648480534553528e+00,1.656844547925031293e+04
9.586093211546540260e+00,1.660019056666110555e+04
9.599537942558526993e+00,1.634840032914226867e+04
9.612982673570513725e+00,1.581611140424550649e+04
9.626427404582500458e+00,1.536349320098550379e+04
9.639872135594487190e+00,1.508819482250388683e+04
9.653316866606473923e+00,1.505233043055601593e+04
9.666761597618460655e+00,1.535126436019536595e+04
9.680206328630447388e+00,1.597462249807511580e+04
9.693651059642434120e+00,1.655051185398795860e+04
9.707095790654420853e+00,1.695576529281290641e+04
9.720540521666407585e+00,1.718293490774385282e+04
9.733985252678394318e+00,1.705776080682652901e+04
9.747429983690381050e+00,1.661197706490494238e+04
9.760874714702367783e+00,1.605902542201179131e+04
9.774319445714354515e+00,1.565582059683856278e+04
9.787764176726341248e+00,1.543688649907501895e+04
9.801208907738327980e+00,1.551521373071354174e+04
9.814653638750314713e+00,1.598276778304908839e+04
9.828098369762301445e+00,1.660462363537619967e+04
9.841543100774288177e+00,1.704955339600049410e+04
9.854987831786274910e+00,1.737832038686618398e+04
9.868432562798261642e+00,1.744905108460720294e+04
9.881877293810248375e+00,1.713968908834149624e+04
9.895322024822235107e+00,1.662193418461102556e+04
9.908766755834221840e+00,1.613052454937430593e+04
9.922211486846208572e+00,1.579798248721364689e+04
9.935656217858195305e+00,1.571139303190299506e+04
9.949100948870182037e+00,1.598875915279441870e+04
9.962545679882168770e+00,1.657738040831173566e+04
9.975990410894155502e+00,1.711744022011631751e+04
9.989435141906142235e+00,1.749847434447210617e+04
1.000287987291812897e+01,1.773329871310682574e+04
1.001632460393011570e+01,1.760338403025474327e+04
1.002976933494210243e+01,1.716586740427097902e+04
1.004321406595408916e+01,1.664893755169168435e+04
1.005665879696607590e+01,1.618131950010418586e+04
1.007010352797806263e+01,1.593557825738494103e+04
1.008354825899004936e+01,1.597538748320393461e+04
1.009699299000203609e+01,1.640041373236213622e+04
1.011043772101402283e+01,1.696281632020562392e+04
1.012388245202600956e+01,1.741179659068003457e+04
1.013732718303799629e+01,1.772262568287259637e+04
1.015077191404998302e+01,1.780721860939176986e+04
1.016421664506196976e+01,1.749378732937572568e+04
1.017766137607395649e+01,1.705869814536396734e+04
1.019110610708594322e+01,1.653341173802167032e+04
1.020455083809792995e+01,1.617912796996254110e+04
1.021799556910991669e+01,1.606770885807386912e+04
1.023144030012190342e+01,1.630473002335379715e+04
1.024488503113389015e+01,1.680614893543757353e+04
1.025832976214587688e+01,1.734606964597024853e+04
1.027177449315786362e+01,1.773386553928831563e+04
1.028521922416985035e+01,1.797855628692376922e+04
1.029866395518183708e+01,1.783751248577038859e+04
1.031210868619382381e+01,1.748214064132088606e+04
1.032555341720581055e+01,1.698286591336375932e+04
1.033899814821779728e+01,1.649008299701346914e+04
1.035244287922978401e+01,1.623087776524534092e+04
1.036588761024177074e+01,1.624694283128310781e+04
1.037933234125375748e+01,1.659009989254615721e+04
1.039277707226574421e+01,1.711333461357589476e+04
1.040622180327773094e+01,1.758882041055956506e+04
1.041966653428971767e+01,1.792985458542527704e+04
1.043311126530170441e+01,1.799338877591430719e+04
1.044655599631369114e+01,1.772682574228504018e+04
1.046000072732567787e+01,1.734742205662259948e+04
1.047344545833766460e+01,1.680661618017497312e+04
1.048689018934965134e+01,1.644345095799817864e+04
1.050033492036163807e+01,1.631187810619830088e+04
1.051377965137362480e+01,1.649954387254544781e+04
1.052722438238561153e+01,1.694090978796875788e+04
1.054066911339759827e+01,1.748344071403760972e+04
1.055411384440958500e+01,1.792169148818952090e+04
1.056755857542157173e+01,1.816083808159019463e+04
1.058100330643355846e+01,1.802516373593104800e+04
1.059444803744554520e+01,1.773271965558972443e+04
1.060789276845753193e+01,1.722878240627375271e+04
1.062133749946951866e+01,1.673317253050184809e+04
1.063478223048150539e+01,1.645710428627292276e+04
1.064822696149349213e+01,1.644817643052704079e+04
1.066167169250547886e+01,1.675167449380932158e+04
1.067511642351746559e+01,1.724956267894233315e+04
1.068856115452945232e+01,1.775689663182333607e+04
1.070200588554143906e+01,1.811947697365764179e+04
1.071545061655342579e+01,1.815327651901167337e+04
1.072889534756541252e+01,1.793502299345902065e+04
1.074234007857739925e+01,1.755826827970091472e+04
1.075578480958938599e+01,1.701642808750751647e+04
1.076922954060137272e+01,1.664076899699274509e+04
1.078267427161335945e+01,1.649340536827104370e+04
1.079611900262534618e+01,1.666537829841735220e+04
1.080956373363733292e+01,1.709738579182167450e+04
1.082300846464931965e+01,1.763516534976078765e+04
1.083645319566130638e+01,1.810009110867766867e+04
1.084989792667329311e+01,1.829906469164753435e+04
1.086334265768527985e+01,1.818490872608332575e+04
1.087678738869726658e+01,1.789896859709947967e+04
1.089023211970925331e+01,1.738711207148074391e+04
1.090367685072124004e+01,1.688575594320467644e+04
1.091712158173322678e+01,1.661500284154672045e+04
1.093056631274521351e+01,1.659764948161872599e+04
1.094401104375720024e+01,1.691885699670343456e+04
1.095745577476918697e+01,1.740481384606635402e+04
1.097090050578117371e+01,1.792030530522332265e+04
1.098434523679316044e+01,1.824140521051830729e+04
1.099778996780514717e+01,1.825941581884848711e+04
1.101123469881713390e+01,1.805000510468445282e+04
1.102467942982912064e+01,1.765518463863412398e+04
1.103812416084110737e+01,1.710469296870094331e+04
1.105156889185309410e+01,1.674473317127769769e+04
1.106501362286508083e+01,1.661052624722053952e+04
1.107845835387706757e+01,1.680039891483022438e+04
1.109190308488905430e+01,1.725659135332156075e+04
1.110534781590104103e+01,1.777990450371668703e+04
1.111879254691302776e+01,1.821206821639984992e+04
1.113223727792501450e+01,1.836122403330645830e+04
1.114568200893700123e+01,1.825146693334281736e+04
1.115912673994898796e+01,1.793290626471536598e+04
1.117257147096097469e+01,1.741730112425908374e+04
1.118601620197296143e+01,1.692208714098037672e+04
1.119946093298494816e+01,1.670247451445844490e+04
1.121290566399693489e+01,1.668995081224575915e+04
1.122635039500892162e+01,1.706406308054847250e+04
1.123979512602090836e+01,1.754039503186661386e+04
1.125323985703289509e+01,1.802905459840218828e+04
1.126668458804488182e+01,1.828820199060066807e+04
1.128012931905686855e+01,1.829714589776298453e+04
1.129357405006885529e+01,1.804446428826998817e+04
1.130701878108084202e+01,1.763665721339756419e+04
1.132046351209282875e+01,1.708364892009711184e+04
1.133390824310481548e+01,1.678421896867221949e+04
1.134735297411680222e+01,1.666953574505409415e+04
1.136079770512878895e+01,1.690482914244649510e+04
1.137424243614077568e+01,1.739158337174549160e+04
1.138768716715276241e+01,1.788204627283107038e+04
1.140113189816474915e+01,1.826792600935361043e+04
1.141457662917673588e+01,1.839157014926981356e+04
1.142802136018872261e+01,1.824684511423472213e+04
1.144146609120070934e+01,1.788126468488035243e+04
1.145491082221269608e+01,1.737287161806977383e+04
1.146835555322468281e+01,1.691449579997677210e+04
1.148180028423666954e+01,1.673619092038676899e+04
1.149524501524865627e+01,1.674506755534213517e+04
1.150868974626064301e+01,1.718814629721651727e+04
1.152213447727262974e+01,1.764569949639386687e+04
1.153557920828461647e+01,1.809975080124271699e+04
1.154902393929660320e+01,1.833752979900551873e+04
1.156246867030858994e+01,1.833375568288907016e+04
1.157591340132057667e+01,1.801496990448320867e+04
1.158935813233256340e+01,1.759313037880012052e+04
1.160280286334455013e+01,1.706191050313152664e+04
1.161624759435653687e+01,1.680262894860701272e+04
1.162969232536852360e+01,1.669256109286283390e+04
1.164313705638051033e+01,1.700177315327122415e+04
1.165658178739249706e+01,1.751010652830467006e+04
1.167002651840448380e+01,1.797871837976202369e+04
1.168347124941647053e+01,1.835271251886317623e+04
1.169691598042845726e+01,1.848765597686702677e+04
1.171036071144044399e+01,1.829350740161596332e+04
1.172380544245243073e+01,1.788000358043389861e+04
1.173725017346441746e+01,1.736741473148840305e+04
1.175069490447640419e+01,1.693563760710863426e+04
1.176413963548839092e+01,1.674195381583179915e+04
1.177758436650037766e+01,1.680934698752204713e+04
1.179102909751236439e+01,1.730229820940201171e+04
1.180447382852435112e+01,1.777086496257536419e+04
1.181791855953633785e+01,1.821850322002242683e+04
1.183136329054832458e+01,1.848921750689434703e+04
1.184480802156031132e+01,1.847060409644410174e+04
1.185825275257229805e+01,1.810341012756201962e+04
1.187169748358428478e+01,1.763270378738872751e+04
1.188514221459627151e+01,1.711268448950549646e+04
1.189858694560825825e+01,1.682246113081404474e+04
1.191203167662024498e+01,1.674190614130111862e+04
1.192547640763223171e+01,1.710632161507211640e+04
1.193892113864421844e+01,1.764065991226525512e+04
1.195236586965620518e+01,1.813360658647284436e+04
1.196581060066819191e+01,1.853127197336626705e+04
1.197925533168017864e+01,1.868401483094372088e+04
1.199270006269216537e+01,1.845674179109007673e+04
1.200614479370415211e+01,1.798767139231449255e+04
1.201958952471613884e+01,1.744064324619016043e+04
1.203303425572812557e+01,1.699300617357014562e+04
1.204647898674011230e+01,1.678668398871977115e+04
1.205992371775209904e+01,1.692433743613980914e+04
1.207336844876408577e+01,1.740986918368543047e+04
1.208681317977607250e+01,1.792780998093081143e+04
1.210025791078805923e+01,1.838003649974489235e+04
1.211370264180004597e+01,1.866590265358077522e+04
1.212714737281203270e+01,1.862073616525703255e+04
1.214059210382401943e+01,1.823156005832638766e+04
1.215403683483600616e+01,1.770340241550660721e+04
1.216748156584799290e+01,1.719353251007139988e+04
1.218092629685997963e+01,1.687769605114992009e+04
1.219437102787196636e+01,1.687818402069084550e+04
1.220781575888395309e+01,1.721652252429848886e+04
1.222126048989593983e+01,1.774215802415809230e+04
1.223470522090792656e+01,1.823444424112729030e+04
1.224814995191991329e+01,1.858560650862395414e+04
1.226159468293190002e+01,1.869310347987197383e+04
1.227503941394388676e+01,1.845657281430496732e+04
1.228848414495587349e+01,1.797028433125181618e+04
1.230192887596786022e+01,1.745645951443437662e+04
1.231537360697984695e+01,1.704660496352421978e+04
1.232881833799183369e+01,1.691456808232640105e+04
1.234226306900382042e+01,1.708041630077451191e+04
1.235570780001580715e+01,1.746033171796251918e+04
1.236915253102779388e+01,1.793378900512257678e+04
1.238259726203978062e+01,1.826381932710856927e+04
1.239604199305176735e+01,1.843091404879207766e+04
1.240948672406375408e+01,1.834455117703894211e+04
1.242293145507574081e+01,1.799498638838410625e+04
1.243637618608772755e+01,1.754557205455863732e+04
1.244982091709971428e+01,1.717370530605629756e+04
1.246326564811170101e+01,1.696461003226184403e+04
1.247671037912368774e+01,1.706168834694788893e+04
1.249015511013567448e+01,1.727632459284471406e+04
1.250359984114766121e+01,1.764443097292877428e+04
1.251704457215964794e+01,1.793978722358369851e+04
1.253048930317163467e+01,1.805779604844710411e+04
1.254393403418362141e+01,1.804140329592575654e+04
1.255737876519560814e+01,1.784394319022212585e+04
1.257082349620759487e+01,1.749817614826732097e+04
1.258426822721958160e+01,1.721783313788926534e+04
